<?xml version="1.0" encoding="UTF-8"?>
<KeywordLibrary name="MTM01 - Azul - Legado" kind="Silk4NET" clientVersion="18.5" xmlns="http://www.borland.com/silk/KeywordLibrary">
    <MetaInfo key="osType">desktop</MetaInfo>
    <MetaInfo key="browserType">Firefox</MetaInfo>
    <Keyword group="" name="CT - RG - 0001" source="Silk4NET">
        <Description />
    </Keyword>
    <Keyword group="" name="Login Invalido" source="Silk4NET">
        <Description />
    </Keyword>
</KeywordLibrary>